{
  "2D": 37255.147112608,
  "3D": 18.0018563270569,
  "AFK": 602.995542764664,
  "AssetLib": 551.22011423111,
  "Editor": 65898.9369120598,
  "External": 21192.0075292587,
  "Script": 6882.56029963493
}