{
  "2D": 39620.5347728729,
  "3D": 18.0018563270569,
  "AFK": 602.995542764664,
  "AssetLib": 551.22011423111,
  "Editor": 74581.642059803,
  "External": 25697.5303573609,
  "Script": 8694.35495901108
}