{
  "2D": 46200.9137716294,
  "3D": 18.0018563270569,
  "AFK": 374.998450756073,
  "AssetLib": 551.22011423111,
  "Editor": 89999.6093330384,
  "External": 34532.1365158558,
  "Script": 8697.33707499504
}