{
  "2D": 35978.1404709817,
  "3D": 18.0018563270569,
  "AFK": 602.995542764664,
  "AssetLib": 551.22011423111,
  "Editor": 59593.8025667668,
  "External": 18276.0783905983,
  "Script": 4770.36173462868
}