{
  "2D": 40792.9542088509,
  "3D": 18.0018563270569,
  "AFK": 602.995542764664,
  "AssetLib": 551.22011423111,
  "Editor": 78729.8479311467,
  "External": 28673.3167927265,
  "Script": 8694.35495901108
}