{
  "2D": 23163.1872460842,
  "3D": 14.006825208664,
  "AFK": 49.9963359832764,
  "AssetLib": 462.256683826447,
  "Editor": 47669.8720202446,
  "External": 21798.0154416561,
  "Script": 2232.40582346916
}