{
  "2D": 25036.6313831807,
  "3D": 18.0018563270569,
  "AFK": 49.9963359832764,
  "AssetLib": 551.22011423111,
  "Editor": 29493.6650426388,
  "External": 883.716416597366,
  "Script": 3004.09527230263
}