{
  "2D": 40046.8875682354,
  "3D": 18.0018563270569,
  "AFK": 602.995542764664,
  "AssetLib": 551.22011423111,
  "Editor": 76540.7058651448,
  "External": 27230.2413673401,
  "Script": 8694.35495901108
}