{
  "2D": 37375.9999613762,
  "3D": 18.0018563270569,
  "AFK": 602.995542764664,
  "AssetLib": 551.22011423111,
  "Editor": 67482.7815625668,
  "External": 21768.9427828789,
  "Script": 7768.61684775352
}