{
  "2D": 37255.147112608,
  "3D": 18.0018563270569,
  "AFK": 602.995542764664,
  "AssetLib": 551.22011423111,
  "Editor": 64209.2956223489,
  "External": 20093.3168344498,
  "Script": 6291.6097047329
}