{
  "2D": 19975.5942316055,
  "3D": 14.006825208664,
  "AFK": 49.9963359832764,
  "AssetLib": 462.256683826447,
  "Editor": 42600.7896842957,
  "External": 19916.5261201859,
  "Script": 2232.40582346916
}