{
  "2D": 41334.6131820679,
  "3D": 18.0018563270569,
  "AFK": 602.995542764664,
  "AssetLib": 551.22011423111,
  "Editor": 82745.9707188607,
  "External": 32147.7806072235,
  "Script": 8694.35495901108
}